ExperimentName,Subject,Session,Procedure[Block],Trial,Directed,I_NMG_ZScorePrime,I_NMG_ZscoreTarget,I_ZScorePrime,I_ZScoreTarget,ItemNumber,LogHalPrime,LogHalTarget,LogP,MeanLDTZ,MeanLength,MeanLogF,MeanNMGZ,PathLength,Prime[Trial],PrimeResponse.RESP[Trial],PrimeResponse.RT[Trial],Stimuli2,Target[Trial],TargetResponse.RESP[Trial],TargetResponse.RT[Trial],Undirected,PrimeAccuracy,TargetAccuracy,RTRecognisePrime,TRecogniseTarget
NetworksDemasking,38,1,S2,213,4,-0.38,-0.687,-0.609,-0.359,C1,8.341,6.965,17.188294,-0.484,7,7.653,-0.5335,3,D E P R E S S E D,DEPRESSED{SPACE},2282,1,A D O R E,ADORE{SPACE},1226,3,1,1,1826,1727
NetworksDemasking,38,1,S2,60,5,0.14,-0.573,-0.068,-0.369,C2,10.471,9.112,25.121942,-0.2185,9,9.7915,-0.2165,3,I N S T R U C T I O N,INSTRUCTION{SPACE},2640,2,A D V I S E,ADVISE{SPACE},2279,2,1,1,3279,2720
NetworksDemasking,38,1,S2,97,2,-0.208,-0.313,-0.299,-0.582,C3,8.993,12.059,6.827924,-0.4405,7,10.526,-0.2605,4,O F F E N S E,OFFENSE{SPACE},2629,3,A G A I N S T,AGAINST{SPACE},1576,2,1,1,2188,1727
NetworksDemasking,38,1,S2,80,2,-0.152,-0.482,-0.287,-0.417,C4,7.013,7.961,8.897509,-0.352,9,7.487,-0.317,4,T Y P E W R I T E R,TYPEWRITER{SPACE},1978,4,A L P H A B E T,ALPHABET{SPACE},2419,2,1,1,1812,1870
NetworksDemasking,38,1,S2,26,5,-0.403,-0.414,-0.671,-0.181,C5,11.715,9.095,23.644901,-0.426,4,10.405,-0.4085,2,S O U N D,SOUND{SPACE},1826,5,A M P,AMP{SPACE},1252,1,1,1,3183,2250
NetworksDemasking,38,1,S2,154,4,-0.467,-0.275,-0.653,-0.648,C6,9.465,8.595,18.352422,-0.6505,6.5,9.03,-0.371,4,P H R A S E,PHRASE{SPACE},2258,6,A N A L Y Z E,ANALYZE{SPACE},2633,3,1,1,2202,1673
NetworksDemasking,38,1,S2,41,5,-0.724,-0.291,-0.811,-0.613,C7,10.399,9.266,20.271021,-0.712,5,9.8325,-0.5075,15,H E A V Y,HEAVE{SPACE},9949,7,A N G L E,ANGLE{SPACE},1754,3,0,1,1571,2215
NetworksDemasking,38,1,S2,208,3,-0.306,-0.546,-0.378,-0.812,C8,6.925,9.506,12.637916,-0.595,5.5,8.2155,-0.426,4,A P A T H Y,APATHY{SPACE},2725,8,A N G R Y,ANGRY{SPACE},1099,2,1,1,1488,1224
NetworksDemasking,38,1,S2,38,3,-0.691,0.551,-0.812,0.767,C9,9.518,5.704,10.090489,-0.0225,8,7.611,-0.07,6,K I L L E R,KILLER{SPACE},1422,9,A N N I H I L A T E,ANNIHILATE{SPACE},2535,3,1,1,2193,3837
NetworksDemasking,38,1,S2,143,4,-0.163,-0.178,-0.037,-0.586,C10,6.006,7.888,16.652638,-0.3115,6.5,6.947,-0.1705,4,B E A K E R,BEAKER{SPACE},1873,10,A N X I E T Y,ANXIETY{SPACE},2508,3,1,1,2115,1863
NetworksDemasking,38,1,S2,239,3,-0.162,-0.358,0.198,-0.492,C11,4.942,9.948,12.786301,-0.147,8.5,7.445,-0.26,3,B A L L E R I N A,BALLERINA{SPACE},1961,11,A U D I E N C E,AUDIENCE{SPACE},1931,3,1,1,1706,1594
NetworksDemasking,38,1,S2,12,3,-0.515,-0.22,-0.676,-0.383,C12,10.161,8.024,12.783101,-0.5295,6.5,9.0925,-0.3675,2,M A P,MAP{SPACE},1121,12,A U T O M O B I L E,AUTOMOBILE{SPACE},6773,2,1,1,1365,2754
NetworksDemasking,38,1,S2,219,5,-0.359,-0.57,-0.307,-0.47,C13,8.763,8.956,23.460178,-0.3885,7,8.8595,-0.4645,3,V A G U E,VAGUE{SPACE},1909,13,A W A R E N E S S,AWARENESS{SPACE},2699,3,1,1,1222,1725
NetworksDemasking,38,1,S2,64,3,-0.736,-0.642,-0.614,-0.639,C14,11.62,11.942,10.892725,-0.6265,4,11.781,-0.689,2,W O M E N,WOMEN{SPACE},1445,14,B A D,BAD{SPACE},751,2,1,1,2091,1300
NetworksDemasking,38,1,S2,217,4,-0.399,-0.593,-0.31,-0.377,C15,5.481,7.835,15.510172,-0.3435,4,6.658,-0.496,4,T W I G,TWIG{SPACE},2678,15,B A K E,BAKE{SPACE},1957,3,1,1,1343,1053
NetworksDemasking,38,1,S2,200,3,-0.165,-0.316,-0.48,-0.067,C16,8.996,5.802,15.894155,-0.2735,7,7.399,-0.2405,1,S C R A T C H,SCRATCH{SPACE},2661,16,B A N D A G E,BANDAGE{SPACE},4449,2,1,1,1683,1734
NetworksDemasking,38,1,S2,191,4,-0.1,-0.631,-0.21,-0.499,C17,5.204,7.8,19.608969,-0.3545,4.5,6.502,-0.3655,2,S C O L D,SCOLD{SPACE},1345,17,B A R K,BARK{SPACE},1937,2,1,1,2467,1632
NetworksDemasking,38,1,S2,87,2,-0.472,-0.518,-0.067,-0.685,C18,9.887,10.221,10.027768,-0.376,7.5,10.054,-0.495,2,E L E C T R I C,ELECTRIC{SPACE},5912,18,B A T T E R Y,BATTERY{SPACE},2780,2,1,1,2726,2161
NetworksDemasking,38,1,S2,5,4,-0.107,-0.426,0.272,-0.605,C19,7.023,8.062,19.401746,-0.1665,7,7.5425,-0.2665,15,L A B Y R I N T H,LABRYNTH{SPACE},11430,19,B E A R D,BEARD{SPACE},2292,3,1,1,2456,2752
NetworksDemasking,38,1,S2,23,2,-0.295,-0.532,-0.714,-0.372,C20,9.222,10.353,11.85331,-0.543,7.5,9.7875,-0.4135,4,J U N I O R,JUNIOR{SPACE},2432,20,B E A U T I F U L,BEAUTIFUL{SPACE},4872,2,1,1,2782,2858
NetworksDemasking,38,1,S2,31,4,-0.464,-0.491,-0.534,-0.707,C21,9.06,9.45,15.855025,-0.6205,7.5,9.255,-0.4775,4,G A T H E R I N G,GATHERING{SPACE},2262,21,B E A U T Y,BEAUTY{SPACE},1791,3,1,1,2270,1967
NetworksDemasking,38,1,S2,109,4,-0.378,-0.48,-0.469,-0.308,C22,10.766,10.686,16.735491,-0.3885,8.5,10.726,-0.429,15,E N G I N E E R,ENGINEER{SPACE},1630,22,B E G I N N I N G,BEGINNING{SPACE},4748,3,1,1,1692,2109
NetworksDemasking,38,1,S2,207,1,-0.504,-0.52,-0.687,-0.799,C23,10.782,12.8,5.634206,-0.743,5,11.791,-0.512,1,E X I S T,EXIST{SPACE},1442,23,B E I N G,BEING{SPACE},1278,1,1,1,2167,1584
NetworksDemasking,38,1,S2,2,4,-0.756,-0.569,-0.739,-0.456,C24,10.042,7.262,18.528217,-0.5975,5.5,8.652,-0.6625,2,P O P,{CAPSLOCK}POP{SPACE},3903,24,B E V E R A G E,BEVERAGE{SPACE},3653,2,1,1,1749,3405
NetworksDemasking,38,1,S2,146,3,-0.274,-0.491,-0.234,-0.769,C25,7.568,9.581,14.165587,-0.5015,5,8.5745,-0.3825,6,V I V I D,VIVID{SPACE},1927,25,B I R D S,BIRDS{SPACE},1574,3,1,1,3261,2088
NetworksDemasking,38,1,S2,51,4,-0.394,-0.653,-0.377,-0.414,C26,5.694,7.43,18.582524,-0.3955,6,6.562,-0.5235,6,F R I G I D,FRIGID{SPACE},1896,26,B L O U S E,BLOUSE{SPACE},1877,3,1,1,2086,2154
NetworksDemasking,38,1,S2,198,3,-0.52,-0.85,-0.521,-0.681,C27,7.198,9.736,13.158164,-0.601,5.5,8.467,-0.685,15,C A R R O T S,CARROTS{SPACE},1888,27,B L O W,BLOW{SPACE},1995,3,1,1,1814,1826
NetworksDemasking,38,1,S2,215,6,-0.282,-0.429,-0.418,-0.306,C28,9.553,4.942,24.723862,-0.362,6,7.2475,-0.3555,3,Y O U T H,YOUTH{SPACE},1365,28,B L U B B E R,BLUBBER{SPACE},1575,3,1,1,1304,1873
NetworksDemasking,38,1,S2,10,3,0.64,0.231,0.665,-0.165,C29,4.564,6.789,8.875375,0.25,7.5,5.6765,0.4355,3,B O U I L L O N,BOUILLON{SPACE},8530,29,B O L O G N A,BOLOGNA{SPACE},2939,2,1,1,5980,1994
NetworksDemasking,38,1,S2,117,4,-0.403,-0.569,-0.29,-0.707,C30,8.515,8.857,17.743645,-0.4985,5.5,8.686,-0.486,4,R E G R E T,REGRET{SPACE},1807,30,B O R E D,BORED{SPACE},1024,2,1,1,2097,1467
NetworksDemasking,38,1,S2,209,2,-0.304,-0.718,-0.204,-0.596,C31,6.809,9.833,10.00741,-0.4,4.5,8.321,-0.511,4,S I P,SIP{SPACE},1837,31,B O T T L E,BOTTLE{SPACE},1415,2,1,1,1263,1670
NetworksDemasking,38,1,S2,167,5,-0.372,0.222,-0.255,0.258,C32,8.509,7.831,22.687647,0.0015,9.5,8.17,-0.075,15,P R O F E S S I O N,PROFESSION{SPACE},1868,32,B O U L E V A R D,BOULEVARD{SPACE},2444,4,1,1,1728,1835
NetworksDemasking,38,1,S2,211,5,-0.372,-0.648,-0.416,-0.454,C33,7.63,8.725,24.386332,-0.435,6,8.1775,-0.51,6,S U N R I S E,SUNRISE{SPACE},1981,33,B R A K E,BRAKE{SPACE},1421,3,1,1,1677,1578
NetworksDemasking,38,1,S2,152,5,-0.638,-0.719,-0.476,-0.591,C34,7.855,7.484,21.93491,-0.5335,4.5,7.6695,-0.6785,1,L U M P,LUMP{SPACE},1422,34,B U M P S,BU{SPACE},2635,2,1,0,1300,2945
NetworksDemasking,38,1,S2,95,4,-0.333,-0.788,-0.379,-0.588,C35,9.049,10.319,19.366216,-0.4835,5.5,9.684,-0.5605,15,S O C K E T,SOCKET{SPACE},1676,35,B U N C H,BUNCH{SPACE},1605,3,1,1,1847,2302
NetworksDemasking,38,1,S2,243,2,-0.158,-0.246,-0.629,-0.282,C36,8.905,6.491,6.163039,-0.4555,6.5,7.698,-0.202,1,S T O L E N,STOLEN{SPACE},1565,36,B U R G L A R,BURGLAR{SPACE},5933,2,1,1,1431,2128
NetworksDemasking,38,1,S2,231,5,-0.656,-0.329,-0.637,-0.379,C37,6.787,10.089,24.507042,-0.508,7,8.438,-0.4925,6,R O B B E R,ROBBER{SPACE},1166,37,C A M P A I G N,CAMPAIGN{SPACE},3480,3,1,1,1383,1074
NetworksDemasking,38,1,S2,122,3,-0.018,-0.505,-0.306,-0.774,C38,7.004,9.81,16.561292,-0.54,6,8.407,-0.2615,6,B U R I A L,BURIAL{SPACE},1710,38,C A N C E R,CANCER{SPACE},1158,2,1,1,1662,1391
NetworksDemasking,38,1,S2,24,5,-0.564,-0.058,-0.594,-0.387,C39,12.067,7.851,22.598349,-0.4905,6,9.959,-0.311,3,D O N E,DONE{SPACE},1464,39,C A R R I A G E,CARRIAGE{SPACE},1653,3,1,1,1391,3742
NetworksDemasking,38,1,S2,194,4,-0.377,-0.478,-0.687,-0.426,C40,14.301,8.378,20.708267,-0.5565,5,11.3395,-0.4275,15,C A N,CAN{SPACE},976,40,C A U T I O N,CAUTION{SPACE},2009,3,1,1,1699,1393
NetworksDemasking,38,1,S2,11,3,0.187,0.186,0.077,-0.141,C41,6.075,7.281,15.688995,-0.032,5,6.678,0.1865,2,B U G L E,BUGLE{SPACE},1534,41,C E L L O,CELLO{SPACE},1248,2,1,1,2210,1987
NetworksDemasking,38,1,S2,233,3,-0.45,-0.193,-0.61,-0.585,C42,9.319,9.637,15.159147,-0.5975,8,9.478,-0.3215,2,A C C I D E N T,ACCIDENT{SPACE},1550,42,C H E M I C A L,CHEMICAL{SPACE},1761,3,1,1,1059,1631
NetworksDemasking,38,1,S2,32,Inf,-0.141,-0.402,-0.687,-0.464,C43,6.56,7.384,Inf,-0.5755,5.5,6.972,-0.2715,6,S N A T C H,SNATCH{SPACE},3924,43,C L A M P,CLAMP{SPACE},1636,2,1,1,2756,3666
NetworksDemasking,38,1,S2,177,4,-0.549,-0.371,-0.616,-0.542,C44,9.052,8.661,23.193363,-0.579,5.5,8.8565,-0.46,6,H U N G,HUNG{SPACE},859,44,C L A R I F Y,CLARIFY{SPACE},3649,3,1,1,1594,2076
NetworksDemasking,38,1,S2,63,4,0.024,-0.597,-0.342,-0.665,C45,7.669,9.339,17.963776,-0.5035,7.5,8.504,-0.2865,6,D I S G U I S E,DISGUISE{SPACE},2629,45,C L O S I N G,CLOSING{SPACE},1492,3,1,1,2705,2186
NetworksDemasking,38,1,S2,127,1,-0.289,-0.665,-0.527,-0.87,C46,8.185,10.459,0.450313,-0.6985,4.5,9.322,-0.477,1,C H I L L,CHILL{SPACE},1284,46,C O L D,COLD{SPACE},1027,1,1,1,2724,1797
NetworksDemasking,38,1,S2,113,6,-0.532,-0.275,-0.544,-0.575,C47,9.036,8.694,22.731208,-0.5595,7,8.865,-0.4035,4,A W E S O M E,AWESOME{SPACE},1222,47,C O M P A C T,COMPACT{SPACE},1188,3,1,1,1593,1708
NetworksDemasking,38,1,S2,91,3,-0.723,0,-0.311,-0.242,C48,6.69,8.945,14.139902,-0.2765,6,7.8175,-0.3615,6,N A G,NAG{SPACE},705,48,C O M P A N I O N,COMPANION{SPACE},1753,3,1,1,1254,2377
NetworksDemasking,38,1,S2,188,4,-0.387,-0.494,-0.455,-0.405,C49,8.734,7.962,17.710654,-0.43,5.5,8.348,-0.4405,1,S T I F F,STIFF{SPACE},1307,49,C O N D O M,CONDOM{SPACE},1491,3,1,1,1711,2169
NetworksDemasking,38,1,S2,134,3,-0.565,-0.795,-0.574,-0.82,C50,7.191,7.991,14.815187,-0.697,5,7.591,-0.68,3,T I L E,TILE{SPACE},1235,50,C O O K I E,COOKIE{SPACE},1451,3,1,1,2652,2209
NetworksDemasking,38,1,S2,218,1,-0.44,-0.412,-0.695,-0.508,C51,8.778,6.588,4.827819,-0.6015,5.5,7.683,-0.426,1,C O M F O R T,COMFORT{SPACE},2223,51,C O Z Y,COZY{SPACE},1705,1,1,1,1096,1144
NetworksDemasking,38,1,S2,81,4,0.106,-0.41,-0.439,-0.568,C52,8.676,8.049,16.976928,-0.5035,6.5,8.3625,-0.152,6,C O N C L U D E,CONCLUDE{SPACE},2509,52,C R A W L,CRAWL{SPACE},1695,3,1,1,1713,1483
NetworksDemasking,38,1,S2,166,2,-0.47,-0.542,-0.507,-0.48,C53,8.487,7.692,9.95456,-0.4935,4.5,8.0895,-0.506,1,M I L L,MILL{SPACE},921,53,C R O P S,CROPS{SPACE},1353,2,1,1,1975,1587
NetworksDemasking,38,1,S2,193,3,-0.258,-0.404,-0.147,-0.608,C54,6.211,8.552,12.126328,-0.3775,5.5,7.3815,-0.331,4,M A G G O T,MAGGOT{SPACE},1264,54,C R U E L,CRUEL{SPACE},1457,3,1,1,1685,1733
NetworksDemasking,38,1,S2,202,6,-0.556,-0.259,-0.271,-0.458,C55,7.245,6.796,17.986523,-0.3645,6.5,7.0205,-0.4075,4,A T T I C,ATTIC{SPACE},1339,55,C U R T A I N S,CURTAINS{SPACE},1929,2,1,1,2277,1595
NetworksDemasking,38,1,S2,59,3,-0.679,-0.609,-0.638,-0.628,C56,7.894,10.659,15.438806,-0.633,5,9.2765,-0.644,2,B U M P,BUMP{SPACE},1704,56,D A M A G E,DAMAGE{SPACE},2192,2,1,1,1673,1763
NetworksDemasking,38,1,S2,187,1,-0.561,-0.213,-0.426,-0.577,C57,9.625,8.853,4.311586,-0.5015,4.5,9.239,-0.387,1,E R A,ERA{SPACE},595,57,D E C A D E,DECADE{SPACE},1835,1,1,1,1412,1659
NetworksDemasking,38,1,S2,126,5,-0.463,-0.596,-0.241,-0.452,C58,8.286,7.308,23.742752,-0.3465,5.5,7.797,-0.5295,4,C L O A K,CLOAK{SPACE},4850,58,D E P A R T,DEPART{SPACE},1808,4,1,1,1706,1978
NetworksDemasking,38,1,S2,53,3,-0.49,-0.679,-0.501,-0.542,C59,6.933,9.442,13.652087,-0.5215,5.5,8.1875,-0.5845,15,T H I R S T,THIRST{SPACE},1696,59,D E P T H,DEPTH{SPACE},1718,2,1,1,1635,1759
NetworksDemasking,38,1,S2,185,5,-0.622,0.448,-0.792,0.208,C60,11.126,6.333,23.034111,-0.292,7,8.7295,-0.087,3,D I E,DIE{SPACE},1280,60,D E T E R I O R A T E,DETERIORATE{SPACE},4894,1,1,1,2330,2413
NetworksDemasking,38,1,S2,131,3,-0.175,-0.534,-0.044,-0.554,C61,8.198,9.814,16.026166,-0.299,7,9.006,-0.3545,2,G R A N I T E,GRANITE{SPACE},2125,61,D I A M O N D,DIAMOND{SPACE},2374,2,1,1,2234,1743
NetworksDemasking,38,1,S2,78,3,-0.79,-0.525,-0.548,-0.508,C62,7.094,9.428,15.813186,-0.528,3.5,8.261,-0.6575,4,R I B,RIB{SPACE},1187,62,D I E T,DIET{SPACE},1186,2,1,1,1777,1404
NetworksDemasking,38,1,S2,136,5,-0.471,-0.549,-0.523,-0.629,C63,8.222,9.097,18.207005,-0.576,3.5,8.6595,-0.51,15,H I V E,HIVE{SPACE},974,63,D I G,DIG{SPACE},1353,4,1,1,1879,3206
NetworksDemasking,38,1,S2,121,5,-0.319,-0.305,-0.187,-0.376,C64,7.19,6.385,18.468628,-0.2815,8,6.7875,-0.312,2,G O U R M E T,GOURMET{SPACE},1769,64,D I G E S T I O N,DIGESTION{SPACE},2188,2,1,1,1718,2188
NetworksDemasking,38,1,S2,119,3,-0.601,-0.37,-0.785,-0.283,C65,11.454,8.113,13.030073,-0.534,5,9.7835,-0.4855,3,C L A S S,CLASS{SPACE},1026,65,D I G I T,DIGIT{SPACE},1596,2,1,1,1848,1595
NetworksDemasking,38,1,S2,30,5,-0.27,-0.457,-0.139,-0.232,C66,7.433,8.447,22.478401,-0.1855,7,7.94,-0.3635,2,T Y P H O O N,TYPHOON{SPACE},1615,66,D I L E M M A,DILEMMA{SPACE},1801,3,1,1,2249,1791
NetworksDemasking,38,1,S2,199,5,NA,-0.161,NA,-0.343,C67,NA,9.383,22.48835,-0.343,10,9.383,-0.161,6,C R A Y O L A,CRAYOLA{SPACE},2945,67,D I R E C T I O N S,DIRECTIONS{SPACE},2338,4,1,1,2116,2200
NetworksDemasking,38,1,S2,180,5,-0.463,-0.346,-0.433,0.096,C68,8.948,6.882,26.941342,-0.1685,10,7.915,-0.4045,2,D E P R E S S I O N,DEPRESSION{SPACE},2002,68,D I S A P P O I N T,DISAPPOINT{SPACE},3351,2,1,1,1734,2309
NetworksDemasking,38,1,S2,6,4,-0.613,-0.491,-0.624,-0.628,C69,7.654,9.732,20.223174,-0.626,5,8.693,-0.552,3,P I L L O W,PILLOW{SPACE},3175,69,D I S C,DISC{SPACE},2625,2,1,1,2787,3236
NetworksDemasking,38,1,S2,129,3,-0.551,-0.173,-0.784,-0.361,C70,10.22,10.316,16.561873,-0.5725,6,10.268,-0.362,15,F O C U S,FOCUS{SPACE},1159,70,D I S C U S S,DISCUSS{SPACE},2265,3,1,1,1385,1993
NetworksDemasking,38,1,S2,155,4,-0.223,-0.423,-0.762,-0.732,C71,8.183,8.135,16.275956,-0.747,5,8.159,-0.323,2,S T E M,STEM{SPACE},1409,71,D I S H E S,DISHES{SPACE},1805,3,1,1,1869,2394
NetworksDemasking,38,1,S2,205,4,-0.025,-0.028,-0.301,0.149,C72,9.399,8.082,18.581608,-0.076,8.5,8.7405,-0.0265,4,C O N V I N C E,CONVINCE{SPACE},2244,72,D I S R E G A R D,DISREGARD{SPACE},4043,4,1,1,1038,2409
NetworksDemasking,38,1,S2,8,4,-0.513,-0.525,-0.371,-0.43,C73,8.666,7.409,18.043041,-0.4005,6,8.0375,-0.519,6,H E S I T A T E,HESITATE{SPACE},2576,73,D O R M,DORM{SPACE},1370,3,1,1,3098,2153
NetworksDemasking,38,1,S2,20,4,-0.542,-0.697,-0.536,-0.47,C74,9.766,8.892,21.720946,-0.503,8,9.329,-0.6195,15,E L E M E N T S,ELEMENTS{SPACE},3380,74,E V E R Y D A Y,EVERYDAY{SPACE},2913,3,1,1,2948,2229
NetworksDemasking,38,1,S2,162,NA,-0.394,#,-0.407,#,C75,5.004,7.603,NA,-0.407,5.5,6.3035,-0.394,6,A D V E R B,ADVERB{SPACE},1987,75,E X A M S,EXAMS{SPACE},2301,NA,1,1,1710,1464
NetworksDemasking,38,1,S2,214,3,-0.458,-0.572,-0.406,-0.302,C76,7.56,11.282,14.534657,-0.354,6.5,9.421,-0.515,2,I D O L,IDOL{SPACE},1589,76,E X C E L L E N T,EXCELLENT{SPACE},1841,3,1,1,1852,1752
NetworksDemasking,38,1,S2,170,4,-0.854,-0.098,-0.77,-0.508,C77,12.667,9.868,16.782457,-0.639,5,11.2675,-0.476,6,L I S T,LIST{SPACE},958,77,E X C U S E,EXCUSE{SPACE},2060,3,1,1,3144,1793
NetworksDemasking,38,1,S2,89,5,-0.666,-0.491,-0.629,-0.332,C78,9.603,7.063,22.058865,-0.4805,7,8.333,-0.5785,6,B E L O N G,BELONG{SPACE},1401,78,E Y E B R O W S,EYEBROWS{SPACE},3016,3,1,1,2843,1908
NetworksDemasking,38,1,S2,105,3,-0.546,-0.562,-0.232,-0.61,C79,10.594,11.393,14.731054,-0.421,9.5,10.9935,-0.554,2,U N D E R S T A N D I,UNDERSTAND{SPACE},6676,79,F A M I L Y,FAMILY{SPACE},1199,2,1,1,3118,1598
NetworksDemasking,38,1,S2,236,2,-0.572,-0.582,-0.642,-0.47,C80,9.862,12.083,8.025392,-0.556,4.5,10.9725,-0.577,3,M O T I O N,MOTION{SPACE},1176,80,F A R,FAR{SPACE},825,2,1,1,1052,1262
NetworksDemasking,38,1,S2,173,4,-0.396,-0.124,-0.339,-0.056,C81,10.11,7.102,16.921847,-0.1975,6.5,8.606,-0.26,15,P E R F O R M,PERFORM{SPACE},1749,81,F E E B L E,FEEBLE{SPACE},1494,3,1,1,1720,1890
NetworksDemasking,38,1,S2,35,7,-0.685,-0.512,-0.768,-0.318,C82,8.909,10.824,32.796254,-0.543,4,9.8665,-0.5985,2,M O O D,MOOD{SPACE},1410,82,F E L T,FELT{SPACE},977,2,1,1,3629,2301
NetworksDemasking,38,1,S2,82,4,-0.373,-0.582,-0.474,-0.766,C83,8.473,10.176,17.566627,-0.62,3.5,9.3245,-0.4775,15,O W E,OWE{SPACE},628,83,F L A T,FLAT{SPACE},912,3,1,1,1440,1363
NetworksDemasking,38,1,S2,85,4,-0.275,-0.476,-0.25,-0.678,C84,7.221,9.33,18.335512,-0.464,6.5,8.2755,-0.3755,4,M O L E C U L E,MOLECULE{SPACE},1777,84,F L E S H,FLESH{SPACE},1573,3,1,1,1734,1597
NetworksDemasking,38,1,S2,232,3,-0.523,-0.306,-0.55,-0.646,C85,8.386,10.314,16.526866,-0.598,6.5,9.35,-0.4145,15,S H E L T E R,SHELTER{SPACE},1155,85,F L I G H T,FLIGHT{SPACE},1275,3,1,1,1720,1657
NetworksDemasking,38,1,S2,178,1,-0.023,-0.541,-0.01,-0.804,C86,6.7,10.289,4.30117,-0.407,5.5,8.4945,-0.282,2,M O S Q U I T O,MOSQUITO{SPACE},3788,86,F L Y,FLY{SPACE},737,1,1,1,1796,1699
NetworksDemasking,38,1,S2,61,3,-0.585,-0.695,-0.474,-0.599,C87,7.048,8.205,13.743173,-0.5365,5.5,7.6265,-0.64,15,P E R F U M E,PERFUME{SPACE},1742,87,F O A M,FOAM{SPACE},1881,3,1,1,2315,1801
NetworksDemasking,38,1,S2,67,6,-0.007,-0.374,-0.01,-0.454,C88,6.887,8.444,24.090986,-0.232,7,7.6655,-0.1905,15,S T E N C H,STENCH{SPACE},2369,88,F R O N T I E R,FRONTIER{SPACE},2628,4,1,1,1796,1856
NetworksDemasking,38,1,S2,98,4,-0.549,0.061,-0.697,-0.555,C89,9.714,8.504,19.542281,-0.626,4.5,9.109,-0.244,1,F U E L,FUEL{SPACE},1212,89,G A U G E,GAUGE{SPACE},1657,2,1,1,1597,1779
NetworksDemasking,38,1,S2,230,4,-0.567,-0.216,-0.595,-0.645,C90,7.62,11.906,14.911787,-0.62,6,9.763,-0.3915,3,B A D G E,BADGE{SPACE},1770,90,G E N E R A L,GENERAL{SPACE},4429,3,1,1,1844,2594
NetworksDemasking,38,1,S2,159,3,-0.361,-0.492,-0.176,-0.442,C91,6.129,7.206,9.575776,-0.309,6,6.6675,-0.4265,2,J O Y O U S,JOYOUS{SPACE},1633,91,G I G G L E,GIGGLE{SPACE},2606,2,1,1,2262,2396
NetworksDemasking,38,1,S2,228,4,-0.648,-0.576,-0.569,-0.608,C92,10.304,8.604,13.876367,-0.5885,4,9.454,-0.612,2,A S S,ASS{SPACE},764,92,G L O B E,GLOBE{SPACE},2671,2,1,1,1042,1665
NetworksDemasking,38,1,S2,244,4,-0.732,-0.65,-0.644,-0.807,C93,8.76,8.572,15.108612,-0.7255,3.5,8.666,-0.691,6,P I G,PIG{SPACE},1446,93,G L U E,GLUE{SPACE},1163,3,1,1,2339,1695
NetworksDemasking,38,1,S2,72,4,0.423,-0.441,0.089,-0.656,C94,8.099,9.377,16.844681,-0.2835,7.5,8.738,-0.009,15,A R I T H M E T I C,ARITHMETIC{SPACE},5836,94,G R A C E,GRACE{SPACE},1468,4,1,1,2878,1565
NetworksDemasking,38,1,S2,43,4,-0.462,-0.635,-0.635,-0.688,C95,6.994,9.605,14.982723,-0.6615,5,8.2995,-0.5485,3,B R A W L,BRAWL{SPACE},2498,95,G R A D E,GRADE{SPACE},1090,3,1,1,3278,2085
NetworksDemasking,38,1,S2,70,5,-0.478,-0.556,-0.44,-0.472,C96,10.486,10.013,21.729859,-0.456,5.5,10.2495,-0.517,3,I N C O M E,INCOME{SPACE},1598,96,G R A N T,GRANT{SPACE},1682,2,1,1,2781,2358
NetworksDemasking,38,1,S2,88,5,-0.643,-0.646,-0.671,-0.415,C97,9.741,8.422,25.410957,-0.543,5.5,9.0815,-0.6445,3,A R T I S T,ARTIST{SPACE},1837,97,G R A P H,GRAPH{SPACE},1613,3,1,1,1948,1880
NetworksDemasking,38,1,S2,125,3,0.067,-0.685,-0.126,-0.503,C98,6.46,8.27,16.114991,-0.3145,6,7.365,-0.309,3,T A N T R U M,TANTRUM{SPACE},2778,98,G R I E F,GRIEF{SPACE},6085,2,1,1,2143,3237
NetworksDemasking,38,1,S2,96,1,-0.607,-0.559,-0.565,-0.166,C99,8.941,6.982,6.348728,-0.3655,4,7.9615,-0.583,2,D I R T,DIRT{SPACE},1024,99,G R I T,GRIT{SPACE},1499,1,1,1,1566,1598
NetworksDemasking,38,1,S2,144,3,-0.479,-0.415,-0.662,-0.415,C100,11.336,8.11,15.487688,-0.5385,5.5,9.723,-0.447,3,D E A L,DEAL{SPACE},885,100,G R O C E R Y,GROCERY{SPACE},2117,3,1,1,1295,1719
NetworksDemasking,38,1,S2,135,4,-0.216,-0.35,-0.467,-0.611,C101,9.74,9.435,16.388693,-0.539,7.5,9.5875,-0.283,4,D E M O C R A C Y,DEMOCRACY{SPACE},2746,101,G U I L T Y,GUILTY{SPACE},2158,3,1,1,1817,1564
NetworksDemasking,38,1,S2,197,2,-0.468,-0.688,-0.741,-0.668,C102,13.098,11.34,10.900993,-0.7045,3,12.219,-0.578,2,S H E,SHE{SPACE},649,102,G U Y,GUY{SPACE},1569,2,1,1,1878,1684
NetworksDemasking,38,1,S2,92,4,-0.149,-0.533,-0.029,-0.531,C103,6.537,8.081,21.396321,-0.28,5,7.309,-0.341,15,P I O U S,PIOUS{SPACE},1656,103,H A R D Y,HARDY{SPACE},1407,3,1,1,2273,1823
NetworksDemasking,38,1,S2,27,3,-0.181,-0.374,-0.031,-0.605,C104,5.927,8.41,12.403831,-0.318,6.5,7.1685,-0.2775,1,S O N N E T,SONNET{SPACE},1350,104,H A R M O N Y,HARMONY{SPACE},2402,2,1,1,2276,2405
NetworksDemasking,38,1,S2,229,5,-0.758,-0.69,-0.72,-0.624,C105,8.861,7.882,20.372558,-0.672,5.5,8.3715,-0.724,3,L E A F,LEAF{SPACE},927,105,H A R V E S T,HARVEST{SPACE},3109,2,1,1,1396,1772
NetworksDemasking,38,1,S2,157,6,-0.742,-0.672,-0.567,-0.48,C106,7.918,6.896,25.174652,-0.5235,4.5,7.407,-0.707,3,T A X I,TAXI{SPACE},2380,106,H I K E R,HIKER{SPACE},2029,2,1,1,3197,2761
NetworksDemasking,38,1,S2,29,2,-0.189,-0.757,-0.104,-0.693,C107,6.801,10.158,11.67364,-0.3985,3.5,8.4795,-0.473,1,S O W,SON{SPACE},1198,107,H O L E,HOLE{SPACE},842,2,0,1,1283,2274
NetworksDemasking,38,1,S2,235,3,-0.685,-0.41,-0.625,-0.441,C108,8.772,8.262,12.089404,-0.533,3.5,8.517,-0.5475,3,O A K,OAK{SPACE},854,108,H O S E,HOSE{SPACE},997,3,1,1,1157,1404
NetworksDemasking,38,1,S2,86,5,-0.215,-0.643,-0.089,-0.805,C109,8.714,9.922,18.769363,-0.447,9.5,9.318,-0.429,15,R E C O M M E N D A T,{SPACE},50,109,H O T E L,HOTEL{SPACE},1777,3,0,1,NA,3699
NetworksDemasking,38,1,S2,237,4,-0.388,-0.242,-0.07,-0.499,C110,5.979,6.471,15.260579,-0.2845,5,6.225,-0.315,4,E R U P T,ERUPT{SPACE},1515,110,H U M I D,HUMID{SPACE},1747,3,1,1,1692,2668
NetworksDemasking,38,1,S2,93,3,-0.771,-0.459,-0.691,-0.739,C111,11.344,8.748,11.949549,-0.715,5,10.046,-0.615,4,M I N T,MINT{SPACE},1096,111,H U N G R Y,HUNGRY{SPACE},1908,3,1,1,3266,1854
NetworksDemasking,38,1,S2,101,Inf,-0.519,-0.461,-0.19,-0.385,C112,6.974,6.667,Inf,-0.2875,5,6.8205,-0.49,15,D U N K,DUNK{SPACE},956,112,H U S T L E,HUSTLE{SPACE},1311,3,1,1,1627,1898
NetworksDemasking,38,1,S2,224,6,-0.603,-0.288,-0.334,-0.094,C113,6.773,4.984,30.542088,-0.214,6,5.8785,-0.4455,6,D R E S S E R,DRESSER{SPACE},1608,113,I G L O O,IGLOO{SPACE},1860,3,1,1,1371,1673
NetworksDemasking,38,1,S2,160,4,0.133,-0.381,-0.439,-0.419,C114,11.221,9.294,21.807401,-0.429,7,10.2575,-0.124,6,S C R E E N,SCREEN{SPACE},1466,114,I G N O R A N T,IGNORANT{SPACE},2048,4,1,1,1826,1317
NetworksDemasking,38,1,S2,57,1,-0.379,-0.641,-0.813,-0.555,C115,10.004,9.313,1.494765,-0.684,3.5,9.6585,-0.51,1,S I C K,SICK{SPACE},2489,115,I L L,ILL{SPACE},871,1,1,1,2960,2356
NetworksDemasking,38,1,S2,142,3,-0.484,-0.125,-0.621,-0.331,C116,10.93,9.656,17.382611,-0.476,8.5,10.293,-0.3045,4,S E R I O U S,SERIOUS{SPACE},1442,116,I M P R E S S I O N,IMPRESSION{SPACE},1859,2,1,1,1783,1840
NetworksDemasking,38,1,S2,115,3,-0.436,-0.017,-0.307,-0.352,C117,8.297,9.941,10.5978,-0.3295,7,9.119,-0.2265,3,P U N,PUN{SPACE},3012,117,I N T E L L I G E N T,INTELLIGENT{SPACE},2275,2,1,1,4649,2169
NetworksDemasking,38,1,S2,118,Inf,-0.503,-0.104,-0.716,-0.356,C118,9.026,6.207,Inf,-0.536,8,7.6165,-0.3035,3,G R O S S,GROSS{SPACE},2466,118,I N T O X I C A T E D,INTOXICATED{SPACE},3464,3,1,1,1467,2126
NetworksDemasking,38,1,S2,99,1,-0.522,-0.291,-0.713,-0.869,C119,9.048,9.176,3.989946,-0.791,4,9.112,-0.4065,1,C A G E,CASE{SPACE},779,119,J A I L,JAIL{SPACE},811,1,0,1,1959,1751
NetworksDemasking,38,1,S2,108,2,-0.547,-0.772,-0.496,-0.963,C120,9.168,11.933,9.526173,-0.7295,5.5,10.5505,-0.6595,4,S H O P P I N G,SHOPPING{SPACE},2081,120,J O B,JOB{SPACE},1043,2,1,1,1635,1069
NetworksDemasking,38,1,S2,163,6,-0.649,-0.489,-0.603,-0.53,C121,6.843,8.748,26.549853,-0.5665,7.5,7.7955,-0.569,15,P U M P K I N,PUMPKIN{SPACE},2203,121,J U D G M E N T,JUDGEMENT{SPACE},3491,3,1,1,1760,1636
NetworksDemasking,38,1,S2,225,4,0.211,-0.5,0.25,-0.536,C122,5.565,6.73,12.269172,-0.143,5.5,6.1475,-0.1445,4,N A U S E O U S,NAUSEOUS{SPACE},7805,122,J U G,JUG{SPACE},1129,3,1,1,1931,1927
NetworksDemasking,38,1,S2,138,5,-0.666,-0.469,-0.836,-0.678,C123,9.787,10.121,22.315955,-0.757,3.5,9.954,-0.5675,4,R A I N,RAIN{SPACE},1080,123,K I T,KIT{SPACE},1284,3,1,1,1607,2669
NetworksDemasking,38,1,S2,171,Inf,-0.618,-0.085,-0.724,-0.012,C124,9.608,5.476,Inf,-0.368,4,7.542,-0.3515,1,T I E,THE{SPACE},1102,124,L A P E L,LAPEL{SPACE},1265,2,0,1,1765,1781
NetworksDemasking,38,1,S2,238,4,-0.474,-0.665,-0.207,-0.75,C125,8.813,8.714,19.94153,-0.4785,4.5,8.7635,-0.5695,3,D R O V E,DROVE{SPACE},2266,125,L E A P,LEAP{SPACE},1109,3,1,1,2095,1054
NetworksDemasking,38,1,S2,241,2,0.36,-0.507,-0.226,-0.429,C126,6.73,5.999,10.909893,-0.3275,7,6.3645,-0.0735,1,C I T R U S,CITRUC{SPACE},2846,126,L E M O N A D E,LEMONADE{SPACE},2892,2,1,1,2712,1963
NetworksDemasking,38,1,S2,139,4,-0.469,-0.742,-0.582,-0.56,C127,10.038,11.776,19.824958,-0.571,5.5,10.907,-0.6055,15,A G E N C Y,AGENCY{SPACE},2648,127,L E V E L,LEVEL{SPACE},1818,3,1,1,1063,1037
NetworksDemasking,38,1,S2,204,4,-0.64,-0.698,-0.735,-0.791,C128,11.601,8.109,18.242919,-0.763,4.5,9.855,-0.669,3,A N S W E R,ANSWER{SPACE},1570,128,L I P,LIP{SPACE},1115,2,1,1,1621,1862
NetworksDemasking,38,1,S2,65,3,0.43,-0.263,0.111,-0.306,C129,7.842,9.925,14.986838,-0.0975,9.5,8.8835,0.0835,3,C R I T E R I O N,CRITERION{SPACE},2410,129,L I T E R A T U R E,LITERATURE{SPACE},1881,2,1,1,3357,1993
NetworksDemasking,38,1,S2,172,3,-0.466,-0.677,-0.356,-0.48,C130,9.673,12.521,11.824163,-0.418,4,11.097,-0.5715,6,V I C E,VICE{SPACE},1091,130,L O N G,LONG{SPACE},1742,3,1,1,2617,1580
NetworksDemasking,38,1,S2,169,4,-0.675,-0.646,-0.788,-0.671,C131,10.584,8.639,14.875847,-0.7295,5.5,9.6115,-0.6605,1,C A S H,CASH{SPACE},1540,131,L O T T E R Y,LOTTERY{SPACE},1265,1,1,1,1755,1484
NetworksDemasking,38,1,S2,58,5,-0.781,-0.467,-0.794,-0.445,C132,9.995,7.772,25.210547,-0.6195,4.5,8.8835,-0.624,15,L I E,LIE{SPACE},1002,132,L O U N G E,LOUNGE{SPACE},1356,2,1,1,2309,1483
NetworksDemasking,38,1,S2,189,2,0.011,-0.586,0.004,-0.673,C133,6.945,9.314,9.093716,-0.3345,5.5,8.1295,-0.2875,4,F A M I N E,FAMINE{SPACE},1490,133,L U N C H,LUNCH{SPACE},973,2,1,1,1801,1332
NetworksDemasking,38,1,S2,201,2,-0.474,-0.516,-0.699,-0.692,C134,11.521,8.154,9.725245,-0.6955,4.5,9.8375,-0.495,4,D U E,DUE{SPACE},1395,134,L U X U R Y,LUXURY{SPACE},2161,2,1,1,1751,1617
NetworksDemasking,38,1,S2,226,2,-0.496,-0.258,-0.335,-0.561,C135,10.954,10.991,8.060219,-0.448,7,10.9725,-0.377,1,T H R E A D,THREAD{SPACE},1094,135,M A T E R I A L,MATERIAL{SPACE},1598,2,1,1,1488,1612
NetworksDemasking,38,1,S2,34,6,-0.238,-0.342,-0.256,-0.537,C136,5.953,8.466,27.858177,-0.3965,7,7.2095,-0.29,2,C A S K E T,CASKET{SPACE},1240,136,M E M O R I A L,MEMORIAL{SPACE},2042,2,1,1,2092,1691
NetworksDemasking,38,1,S2,55,3,-0.531,-0.404,-0.623,-0.06,C137,10.802,11.379,10.8668,-0.3415,6.5,11.0905,-0.4675,4,C R E D I T,CREDIT{SPACE},2174,137,M I N I M U M,MINIMUM{SPACE},2691,2,1,1,1865,2420
NetworksDemasking,38,1,S2,234,2,-0.641,-0.492,-0.795,-0.703,C138,10.165,11.11,12.207014,-0.749,4.5,10.6375,-0.5665,1,L A D Y,LADY{SPACE},1101,138,M O D E L,MODEL{SPACE},1034,2,1,1,1181,1926
NetworksDemasking,38,1,S2,184,5,-0.805,-0.578,-0.559,-0.633,C139,11.48,10.475,22.25124,-0.596,5.5,10.9775,-0.6915,6,L I G H T,LIGHT{SPACE},977,139,M O D E R N,MODERN{SPACE},1093,3,1,1,1449,1380
NetworksDemasking,38,1,S2,179,4,-0.382,-0.034,-0.497,-0.353,C140,10.325,8.468,19.061845,-0.425,7.5,9.3965,-0.208,1,P A Y M E N T,PAYMENT{SPACE},2040,140,M O R T G A G E,MORTGAGE{SPACE},2559,1,1,1,1908,2188
NetworksDemasking,38,1,S2,44,2,-0.546,-0.615,-0.346,-0.811,C141,7.299,11.265,6.469947,-0.5785,5,9.282,-0.5805,1,O P E N E R,OPENER{SPACE},3368,141,N E A R,NEAR{SPACE},1093,2,1,1,1554,1874
NetworksDemasking,38,1,S2,16,4,-0.088,-0.703,-0.451,-0.68,C142,9.445,9.605,12.997787,-0.5655,5.5,9.525,-0.3955,15,U N U S U A L,UNUSUAL{SPACE},5526,142,N E C K,NECK{SPACE},1429,4,1,1,2736,1493
NetworksDemasking,38,1,S2,69,1,-0.602,-0.73,-0.335,-0.857,C143,8.151,11.636,4.837943,-0.596,5.5,9.8935,-0.666,2,E L E G A N T,ELEGANT{SPACE},1797,143,N I C E,NICE{SPACE},1048,1,1,1,1736,1758
NetworksDemasking,38,1,S2,45,3,-0.173,-0.625,-0.199,-0.548,C144,7.486,7.241,13.365164,-0.3735,4.5,7.3635,-0.399,4,C H I L I,CHILL{SPACE},1375,144,O D O R,ODOR{SPACE},1589,3,1,1,2651,1788
NetworksDemasking,38,1,S2,94,4,0.334,-0.873,-0.072,-0.736,C145,5.247,15.079,15.004368,-0.404,5,10.163,-0.2695,4,S E D A T I V E,SEDATIVE{SPACE},1789,145,O N,ON{SPACE},743,4,1,1,2280,1718
NetworksDemasking,38,1,S2,223,4,-0.309,-0.556,-0.13,-0.626,C146,6.717,8.22,16.666782,-0.378,7,7.4685,-0.4325,1,W A R D R O B E,WARDROBE{SPACE},3996,146,O U T F I T,OUTFIT{SPACE},1379,2,1,1,2225,1749
NetworksDemasking,38,1,S2,40,2,-0.645,-0.527,-0.619,-0.568,C147,9.75,9.602,8.487338,-0.5935,6,9.676,-0.586,2,S I S T E R,SISTER{SPACE},2180,147,P A R E N T,PARENT{SPACE},1627,1,1,1,2253,1776
NetworksDemasking,38,1,S2,103,4,-0.44,-0.672,-0.427,-0.605,C148,7.383,9.591,18.492721,-0.516,6,8.487,-0.556,4,T R A C T O R,TRACTOR{SPACE},1688,148,P A R I S,PARIS{SPACE},1540,4,1,1,2224,2115
NetworksDemasking,38,1,S2,33,3,-0.565,-0.277,-0.498,-0.26,C149,7.858,6.664,16.266565,-0.379,6,7.261,-0.421,1,O N I O N,ONION{SPACE},2709,149,P A R S L E Y,PARSLEY{SPACE},3552,2,1,1,1439,1865
NetworksDemasking,38,1,S2,168,2,0.15,-0.761,-0.166,-0.797,C150,6.125,11.138,7.887796,-0.4815,6,8.6315,-0.3055,3,B O U R B O N,BOURBON{SPACE},1925,150,P A R T Y,PARTY{SPACE},1207,2,1,1,1690,1674
NetworksDemasking,38,1,S2,7,4,-0.434,-0.227,-0.182,-0.126,C151,7.368,7.668,16.544021,-0.154,6.5,7.518,-0.3305,15,M A N S I O N,MANSION{SPACE},2283,151,P E A N U T,PEANUT{SPACE},3722,3,1,1,3725,1760
NetworksDemasking,38,1,S2,150,5,-0.197,-0.326,-0.502,-0.507,C152,7.88,8.084,20.503007,-0.5045,4.5,7.982,-0.2615,1,L I L Y,LILY{SPACE},1390,152,P E D A L,PEDAL{SPACE},1568,2,1,1,1783,1499
NetworksDemasking,38,1,S2,132,3,-0.433,-0.516,-0.27,-0.473,C153,6.292,6.223,16.872437,-0.3715,6,6.2575,-0.4745,3,A P R O N,APRON{SPACE},1869,153,P I C K L E S,PICKLES{SPACE},1657,3,1,1,2162,1894
NetworksDemasking,38,1,S2,114,4,-0.454,-0.353,-0.746,-0.353,C154,11.611,8.634,16.44598,-0.5495,6,10.1225,-0.4035,2,M A T T E R,MATTER{SPACE},975,154,P L A S M A,PLASMA{SPACE},1709,2,1,1,1781,2069
NetworksDemasking,38,1,S2,141,4,-0.457,-0.588,-0.429,-0.706,C155,10.066,9.758,19.835051,-0.5675,6.5,9.912,-0.5225,6,A G R E E M E N T,AGREEMENT{SPACE},1783,155,P L O T,PLOT{SPACE},1106,3,1,1,1990,1634
NetworksDemasking,38,1,S2,153,4,-0.785,-0.583,-0.847,-0.513,C156,12.798,7.291,12.542281,-0.68,4.5,10.0445,-0.684,1,W H Y,WHY{SPACE},1336,156,P O N D E R,PNDER{SPACE},1461,2,1,1,1855,1588
NetworksDemasking,38,1,S2,216,3,-0.544,-0.672,-0.569,-0.551,C157,9.328,6.855,13.500858,-0.56,5.5,8.0915,-0.608,4,F O R K,FORK{SPACE},1751,157,P O P C O R N,POPCORN{SPACE},2110,2,1,1,1263,1399
NetworksDemasking,38,1,S2,112,4,-0.288,-0.635,-0.471,-0.714,C158,8.129,10.625,18.451834,-0.5925,6,9.377,-0.4615,15,D O U G H,DOUGH{SPACE},1009,158,P O P U L A R,POPULAR{SPACE},2389,3,1,1,1349,1454
NetworksDemasking,38,1,S2,183,1,-0.389,-0.567,-0.423,-0.51,C159,6.548,7.427,3.00946,-0.4665,5,6.9875,-0.478,1,P A T I O,PATIO{SPACE},1019,159,P O R C H,PORCH{SPACE},1186,1,1,1,1980,1674
NetworksDemasking,38,1,S2,75,6,-0.277,-0.048,-0.395,0.069,C160,9.511,6.304,29.770872,-0.163,8,7.9075,-0.1625,15,U S E L E S S,USELESS{SPACE},1813,160,P O R C U P I N E,PORCUPINE{SPACE},2850,4,1,1,3270,3481
NetworksDemasking,38,1,S2,130,4,0.395,-0.469,-0.237,-0.22,C161,6.934,8.064,16.062796,-0.2285,8.5,7.499,-0.037,15,C A T A S T R O P H E,CATASTROPHE{SPACE},7032,161,P O T A T O,POTATO{SPACE},2644,3,1,1,2204,1472
NetworksDemasking,38,1,S2,210,3,-0.341,-0.523,-0.502,-0.734,C162,9.503,9.234,14.355007,-0.618,6,9.3685,-0.432,1,T E M P L E,TEMPL{SPACE},1805,162,P R A Y E R,PRAYER{SPACE},1446,2,1,1,1264,1672
NetworksDemasking,38,1,S2,182,4,-0.42,-0.425,-0.388,-0.548,C163,9.161,10.451,20.115581,-0.468,8,9.806,-0.4225,6,C H O C O L A T E,CHOCOLATE{SPACE},1910,163,P R O D U C E,PRODUCE{SPACE},1858,3,1,1,1738,2117
NetworksDemasking,38,1,S2,28,2,-0.478,-0.122,-0.272,-0.317,C164,6.491,7.134,10.116344,-0.2945,6.5,6.8125,-0.3,1,P A S T R Y,PASTRY{SPACE},1769,164,P U D D I N G,PUDDING{SPACE},1649,2,1,1,2108,1390
NetworksDemasking,38,1,S2,116,4,-0.338,-0.36,-0.067,-0.17,C165,7.94,6.447,19.182537,-0.1185,8.5,7.1935,-0.349,4,V O C A B U L A R Y,VOCABULARY{SPACE},2855,165,Q U A R R E L,QUARREL{SPACE},2794,3,1,1,1588,1939
NetworksDemasking,38,1,S2,107,4,-0.02,-0.491,-0.266,-0.601,C166,5.187,8.467,15.721033,-0.4335,6.5,6.827,-0.2555,6,P E C A N,PECAN{SPACE},1179,166,R A I L R O A D,RAILROAD{SPACE},2301,4,1,1,1379,1713
NetworksDemasking,38,1,S2,195,2,0.003,-0.604,-0.101,-0.819,C167,6.461,12.576,9.066474,-0.46,5.5,9.5185,-0.3005,3,P R O N O U N,PRONOUN{SPACE},3666,167,R E A D,READ{SPACE},1340,2,1,1,2185,1708
NetworksDemasking,38,1,S2,71,1,-0.589,-0.549,-0.348,-0.464,C168,11.868,10.562,3.408085,-0.406,7,11.215,-0.569,1,R E M E M B E R,REMEMBER{SPACE},1694,168,R E C A L L,RECALL{SPACE},1467,1,1,1,1663,1661
NetworksDemasking,38,1,S2,21,5,-0.304,-0.345,-0.268,-0.447,C169,10.358,11.019,18.318029,-0.3575,7.5,10.6885,-0.3245,1,I M M E D I A T E,IMMEDIATE{SPACE},1539,169,R E C E N T,RECENT{SPACE},1106,2,1,1,2120,2148
NetworksDemasking,38,1,S2,62,5,-0.584,-0.318,-0.51,-0.42,C170,10.213,6.778,25.874805,-0.465,5.5,8.4955,-0.451,2,H O L Y,HOLY{SPACE},1392,170,R E J O I C E,REJOICE{SPACE},1843,2,1,1,1814,1565
NetworksDemasking,38,1,S2,128,4,-0.484,-0.641,-0.646,-0.609,C171,6.637,11.247,18.014394,-0.6275,5.5,8.942,-0.5625,15,P L O W,PLOW{SPACE},1309,171,R E L E A S E,RELEASE{SPACE},1660,3,1,1,2995,1609
NetworksDemasking,38,1,S2,227,2,-0.365,-0.607,-0.331,-0.273,C172,10.023,10.539,7.508692,-0.302,8.5,10.281,-0.486,2,M I N I S T E R,MINISTER{SPACE},1878,172,R E L I G I O U S,RELIGIOUS{SPACE},3276,2,1,1,1823,2729
NetworksDemasking,38,1,S2,39,4,-0.493,-0.614,-0.622,-0.544,C173,7.865,9.335,17.93614,-0.583,6,8.6,-0.5535,15,F O S S I L,FOSSIL{SPACE},1447,173,R E S C U E,RESCIE{SPACE},2702,3,1,1,1790,4362
NetworksDemasking,38,1,S2,73,Inf,-0.583,-0.417,-0.716,-0.462,C174,9.877,9.275,Inf,-0.589,7.5,9.576,-0.5,6,H O S P I T A L,HOSPITAL{SPACE},3159,174,R E S T O R E,RESTORE{SPACE},1441,3,1,1,1058,2915
NetworksDemasking,38,1,S2,176,4,-0.438,-0.536,-0.756,-0.628,C175,8.95,9.225,12.993122,-0.692,5.5,9.0875,-0.487,2,F R O Z E N,FROZEN{SPACE},1982,175,R O U G H,ROUGH{SPACE},1962,2,1,1,1063,1812
NetworksDemasking,38,1,S2,47,5,-0.4,-0.225,-0.191,-0.385,C176,11.177,8.404,22.337888,-0.288,7,9.7905,-0.3125,6,D E P A R T M E N T,DEPARTMENT{SPACE},2888,176,R U B Y,RUBY{SPACE},1427,3,1,1,2091,2131
NetworksDemasking,38,1,S2,137,5,-0.297,-0.448,-0.605,-0.42,C177,9.484,7.705,17.391704,-0.5125,4.5,8.5945,-0.3725,15,S L A V E,SLAVE{SPACE},1098,177,S A C K,HACK{SPACE},1962,4,1,0,1825,1801
NetworksDemasking,38,1,S2,196,5,-0.374,-0.409,-0.779,-0.715,C178,12.763,8.658,20.107814,-0.747,5,10.7105,-0.3915,15,Y E A R S,YEARS{SPACE},1610,178,S A U C E,SAUCE{SPACE},2119,4,1,1,1635,1209
NetworksDemasking,38,1,S2,190,3,-0.394,-0.508,-0.008,-0.691,C179,6.17,11.045,16.254567,-0.3495,5,8.6075,-0.451,15,H E C T I C,HECTIC{SPACE},2455,179,S A V E,SAVE{SPACE},1405,2,1,1,1877,2212
NetworksDemasking,38,1,S2,68,4,0.097,-0.453,-0.366,-0.602,C180,7.629,12.792,18.472073,-0.484,4,10.2105,-0.178,3,R O U G E,ROUGE{SPACE},1327,180,S A Y,SAY{SPACE},855,4,1,1,2248,1772
NetworksDemasking,38,1,S2,174,6,-0.601,0.307,-0.501,-0.053,C181,10.513,7.748,27.445723,-0.277,8,9.1305,-0.147,4,E N G L A N D,ENGLAND{SPACE},2173,181,S C A R E C R O W,SCARECROW{SPACE},3453,3,1,1,1662,2177
NetworksDemasking,38,1,S2,106,4,-0.475,-0.329,-0.585,-0.268,C182,12.422,8.042,19.14645,-0.4265,5.5,10.232,-0.402,6,S U P P O R T,SUPPORT{SPACE},1417,182,S C U M,SCUM{SPACE},931,3,1,1,1894,1972
NetworksDemasking,38,1,S2,56,4,-0.494,-0.428,-0.358,-0.592,C183,4.934,7.519,15.726756,-0.475,5.5,6.2265,-0.461,2,M I T T E N,MITTEN{SPACE},1719,183,S H A V E,SHAVE{SPACE},1605,3,1,1,3441,2085
NetworksDemasking,38,1,S2,66,4,-0.387,-0.429,-0.642,-0.726,C184,10.712,10.523,15.664984,-0.684,5.5,10.6175,-0.408,2,I S L A N D,ISLAND{SPACE},1982,184,S H E L L,SHELL{SPACE},1188,2,1,1,1268,1649
NetworksDemasking,38,1,S2,246,4,-0.711,-0.515,-0.533,-0.705,C185,9.082,9.309,18.898614,-0.619,5,9.1955,-0.613,3,A W F U L,AWFUL{SPACE},1354,185,S H O C K,SHOCK{SPACE},4509,3,1,1,1043,1867
NetworksDemasking,38,1,S2,102,5,-0.432,-0.006,-0.807,-0.299,C186,9.23,4.454,21.906588,-0.553,7,6.842,-0.219,6,T R U C K,TRUCK{SPACE},1577,186,S H O R T C A K E,SHORTCAKE{SPACE},2442,3,1,1,2154,1723
NetworksDemasking,38,1,S2,17,3,-0.573,-0.251,-0.761,-0.697,C187,9.28,9.085,12.323102,-0.729,4.5,9.1825,-0.412,15,B O O T S,BOOTS{SPACE},1137,187,S K I P,SKIP{SPACE},1369,3,1,1,1559,1217
NetworksDemasking,38,1,S2,111,4,-0.721,0.032,-0.861,-0.001,C188,11.822,5.236,17.379594,-0.431,7,8.529,-0.3445,6,D A T E,DATE{SPACE},879,188,S K Y S C R A P E R,SKYSCRAPER{SPACE},2777,3,1,1,2066,1938
NetworksDemasking,38,1,S2,52,3,-0.57,-0.007,-0.663,-0.575,C189,9.021,8.355,12.116409,-0.619,5,8.688,-0.2885,3,W O R N,WORN{SPACE},1279,189,S L E E V E,SLEEVE{SPACE},1813,2,1,1,2284,1855
NetworksDemasking,38,1,S2,242,2,-0.186,-0.196,-0.231,-0.576,C190,5.537,9.179,7.977369,-0.4035,6,7.358,-0.191,4,A S H T R A Y,ASHTRAY{SPACE},2294,190,S M E L L,SMELL{SPACE},1455,2,1,1,1971,1882
NetworksDemasking,38,1,S2,156,2,-0.507,-0.375,-0.443,-0.702,C191,10.534,9.914,4.854149,-0.5725,5,10.224,-0.441,2,S E A S O N,SEASON{SPACE},1519,191,S N O W,SNOW{SPACE},896,2,1,1,2098,1752
NetworksDemasking,38,1,S2,120,4,-0.538,-0.482,-0.501,-0.551,C192,8.712,11.411,15.161954,-0.526,5.5,10.0615,-0.51,2,D I S T A N T,DISTANT{SPACE},1326,192,S O O N,SOON{SPACE},1023,2,1,1,1630,1280
NetworksDemasking,38,1,S2,9,3,-0.448,-0.312,-0.543,-0.504,C193,8.327,7.758,14.246059,-0.5235,5.5,8.0425,-0.38,6,C L E A N E R,CLEANER{SPACE},1562,193,S O U R,SOUR{SPACE},1246,3,1,1,2156,1267
NetworksDemasking,38,1,S2,3,Inf,-0.405,-0.344,-0.565,-0.542,C194,9.731,9.269,Inf,-0.5535,7,9.5,-0.3745,15,N E W S P A P E R,NEWSPAPER{SPACE},2528,194,S P A R E,SPARE{SPACE},1896,2,1,1,1917,3221
NetworksDemasking,38,1,S2,192,6,-0.363,-0.097,-0.089,-0.151,C195,10.136,6.303,27.689032,-0.12,6.5,8.2195,-0.23,15,G O B L I N,GOBLIN{SPACE},4690,195,S P A T U L A,SPATULA{SPACE},2840,3,1,1,2399,2173
NetworksDemasking,38,1,S2,14,4,-0.449,0.048,-0.349,-0.563,C196,7.834,9.592,19.478889,-0.456,5,8.713,-0.2005,1,T H I G H,THIGH{SPACE},2287,196,S T A C K,STACK{SPACE},1103,2,1,1,2163,2097
NetworksDemasking,38,1,S2,49,5,-0.513,-0.127,-0.498,-0.138,C197,10.372,6.08,25.425134,-0.318,9,8.226,-0.32,3,W O N D E R F U L,WONDERFUL{SPACE},2154,197,S T A R B O A R D,STARBOARD{SPACE},2866,3,1,1,2924,2799
NetworksDemasking,38,1,S2,25,5,-0.289,-0.256,-0.719,-0.26,C198,10.838,8.962,19.422381,-0.4895,5.5,9.9,-0.2725,4,S T U D Y,STUDY{SPACE},1283,198,S T A T U E,STATUE{SPACE},1539,3,1,1,1765,1954
NetworksDemasking,38,1,S2,164,2,0.057,-0.355,-0.206,-0.624,C199,7.77,10.8,11.299208,-0.415,7,9.285,-0.149,2,A C C E L E R A T E,ACCELERATE{SPACE},3800,199,S T A Y,STAY{SPACE},1150,2,1,1,2622,1600
NetworksDemasking,38,1,S2,50,2,-0.234,-0.17,-0.378,-0.397,C200,8.503,8.028,12.066762,-0.3875,5.5,8.2655,-0.202,3,S K I R T,SKIRT{SPACE},1380,200,S T I T C H,STITCH{SPACE},4155,2,1,1,1792,1891
NetworksDemasking,38,1,S2,133,4,-0.283,-0.223,-0.505,-0.522,C201,7.025,7.609,16.277905,-0.5135,6.5,7.317,-0.253,6,C A B B A G E,CABBAGE{SPACE},2406,201,S T O N E D,STONED{SPACE},1817,3,1,1,2152,1971
NetworksDemasking,38,1,S2,48,4,-0.028,-0.151,-0.541,-0.455,C202,8.386,8.117,21.202531,-0.498,5,8.2515,-0.0895,2,S P O O L,SPOOL{SPACE},2274,202,S T R A P,STRAP{SPACE},2017,2,1,1,1771,2116
NetworksDemasking,38,1,S2,147,3,-0.677,-0.067,-0.436,-0.731,C203,8.152,9.41,14.633109,-0.5835,7,8.781,-0.372,6,H O M E W O R K,HOMEWORK{SPACE},2336,203,S T R E S S,STRESS{SPACE},1665,2,1,1,1787,1795
NetworksDemasking,38,1,S2,110,7,-0.333,-0.257,-0.21,-0.21,C204,6.14,8.874,36.430576,-0.21,6,7.507,-0.295,3,H A M P E R,HAMPER{SPACE},1287,204,S U B T L E,SUBTLE{SPACE},1667,3,1,1,1823,2438
NetworksDemasking,38,1,S2,145,4,-0.505,-0.363,-0.797,-0.62,C205,11.967,9.968,18.409476,-0.7085,5.5,10.9675,-0.434,2,T Y P E,TYPE{SPACE},886,205,S U M M A R Y,SUMMARY{SPACE},1831,2,1,1,1408,1274
NetworksDemasking,38,1,S2,84,4,-0.429,-0.393,-0.389,-0.412,C206,11.276,7.065,15.476915,-0.4005,6.5,9.1705,-0.411,15,Q U A L I T Y,QUALITY{SPACE},1579,206,S U P P E R,SUPPER{SPACE},1573,2,1,1,1681,2253
NetworksDemasking,38,1,S2,245,1,-0.456,-0.419,-0.489,-0.574,C207,10.191,8.687,5.366322,-0.5315,4.5,9.439,-0.4375,1,B E A C H,BEACH{SPACE},1781,207,S U R F,SURF{SPACE},2810,1,1,1,1839,1825
NetworksDemasking,38,1,S2,222,Inf,-0.413,0.385,-0.53,0.316,C208,7.33,6.547,Inf,-0.107,6,6.9385,-0.014,3,T U M O R,TUMOR{SPACE},1497,208,S Y R I N G E,SYRINGE{SPACE},3457,2,1,1,1880,1987
NetworksDemasking,38,1,S2,212,Inf,NA,-0.444,NA,-0.391,C209,NA,9.128,Inf,-0.391,3,9.128,-0.444,1,P E P S I,PEPSI{SPACE},2133,209,T A B,TAB{SPACE},1352,2,1,1,2657,2207
NetworksDemasking,38,1,S2,175,2,-0.305,-0.62,-0.537,-0.605,C210,10.139,8.733,10.740624,-0.571,5.5,9.436,-0.4625,1,E X P R E S S,EXPRESS{SPACE},2105,210,T A L E,TALE{SPACE},913,2,1,1,1692,1129
NetworksDemasking,38,1,S2,104,3,-0.174,-0.104,-0.743,-0.124,C211,8.383,6.054,9.391253,-0.4335,7.5,7.2185,-0.139,2,C H E R R Y,CHERRY{SPACE},2130,211,T A N G E R I N E,TANGERINE{SPACE},1619,2,1,1,1636,1907
NetworksDemasking,38,1,S2,148,3,-0.606,-0.231,-0.486,-0.607,C212,6.806,11.595,13.091972,-0.5465,4,9.2005,-0.4185,15,O A T S,OATS{SPACE},1247,212,T E A M,THEM{SPACE},3632,3,1,0,1049,1372
NetworksDemasking,38,1,S2,36,4,-0.462,-0.293,-0.253,-0.444,C213,7.293,9.565,17.03564,-0.3485,7.5,8.429,-0.3775,6,P I N T,PINT{SPACE},1529,213,T E M P E R A T U R E,TEMPERATURE{SPACE},14827,3,1,1,1591,3179
NetworksDemasking,38,1,S2,220,3,0.038,-0.579,-0.442,-0.816,C214,8.137,14.088,16.544181,-0.629,5.5,11.1125,-0.2705,6,C I R C U S,CIRCUS{SPACE},2824,214,T H E R E,THERE{SPACE},986,3,1,1,1263,1061
NetworksDemasking,38,1,S2,240,2,0.259,-0.454,0.21,-0.553,C215,6.068,12.403,9.369918,-0.1715,7.5,9.2355,-0.0975,2,D I S S I M I L A R,DISSIMILAR{SPACE},4604,215,T H I N G,THING{SPACE},1177,2,1,1,4307,1709
NetworksDemasking,38,1,S2,19,4,-0.482,-0.576,-0.642,-0.477,C216,10.177,9.604,20.184545,-0.5595,5,9.8905,-0.529,6,J E W I S H,JEWISH{SPACE},3385,216,T O N E,TONE{SPACE},1425,4,1,1,2098,1254
NetworksDemasking,38,1,S2,4,5,-0.632,-0.256,-0.498,-0.704,C217,9.957,8.439,25.937433,-0.601,7,9.198,-0.444,6,F A N T A S Y,FANTASY{SPACE},2874,217,T O U R I S T,TOURIST{SPACE},1860,3,1,1,2780,2819
NetworksDemasking,38,1,S2,123,5,-0.284,-0.257,-0.274,0.436,C218,6.17,6.781,19.629186,0.081,7.5,6.4755,-0.2705,6,D A S H B O A R D,DASHBOARD{SPACE},2449,218,T R E B L E,TRBEL{SPACE},1096,3,1,1,1466,1790
NetworksDemasking,38,1,S2,100,4,-0.52,-0.615,-0.586,-0.671,C219,10.064,9.888,19.383893,-0.6285,4.5,9.976,-0.5675,15,T O U R,TOUR{SPACE},763,219,T R I A L,TRIAL{SPACE},899,3,1,1,1424,1634
NetworksDemasking,38,1,S2,13,4,-0.664,0.106,-0.857,-0.13,C220,9.637,5.056,17.538396,-0.4935,6,7.3465,-0.279,1,T O Y S,TOYS{SPACE},1256,220,T R I C Y C L E,TRICYCLE{SPACE},2374,2,1,1,2689,1606
NetworksDemasking,38,1,S2,181,2,0.154,-0.585,-0.035,-0.548,C221,7.854,10.874,6.980829,-0.2915,5,9.364,-0.2155,3,L I B E L,LIBEL{SPACE},1361,221,T R U T H,TRUTH{SPACE},1108,2,1,1,2728,1770
NetworksDemasking,38,1,S2,77,6,-0.503,-0.387,-0.676,-0.352,C222,10.446,8.824,22.650615,-0.514,5.5,9.635,-0.445,1,C O U N T,COUNT{SPACE},1260,222,T W E L V E,TWELVE{SPACE},6457,2,1,1,1609,1607
NetworksDemasking,38,1,S2,54,5,-0.133,-0.672,-0.477,-0.2,C223,7.928,7.816,19.381559,-0.3385,7.5,7.872,-0.4025,4,C A N A L,CANAL{SPACE},1609,223,U N D E R W A T E R,UNDERWATER{SPACE},2273,3,1,1,1586,1783
NetworksDemasking,38,1,S2,140,2,-0.719,-0.197,-0.489,0.268,C224,12.195,3.97,6.912708,-0.1105,7,8.0825,-0.458,2,R E A L,REAL{SPACE},1064,224,U N T R U T H F U L,UNTRUTHFUL{SPACE},3010,2,1,1,1350,2372
NetworksDemasking,38,1,S2,15,3,-0.612,-0.301,-0.544,-0.36,C225,8.128,9.158,11.405463,-0.452,5.5,8.643,-0.4565,6,C A B,CAB{SPACE},890,225,V A C A T I O N,VACATION{SPACE},2190,2,1,1,1579,1915
NetworksDemasking,38,1,S2,149,4,-0.061,-0.563,-0.556,-0.437,C226,11.938,7.241,16.893439,-0.4965,6.5,9.5895,-0.312,3,C O N T R O L,CONTROL{SPACE},1046,226,V A N I S H,VANISH{SPACE},2591,3,1,1,1579,1715
NetworksDemasking,38,1,S2,90,2,-0.589,-0.359,-0.78,-0.516,C227,11.223,7.712,8.295519,-0.648,5.5,9.4675,-0.474,1,C O L O R,COLOR{SPACE},1726,227,V E L V E T,VELVET{SPACE},1603,2,1,1,1568,2681
NetworksDemasking,38,1,S2,46,6,-0.5,-0.528,-0.734,-0.349,C228,9.779,9.096,28.064926,-0.5415,5.5,9.4375,-0.514,4,R O Y A L,ROYAL{SPACE},1524,228,V I C T O R,VICTOR{SPACE},1796,3,1,1,1321,1754
NetworksDemasking,38,1,S2,74,4,-0.665,-0.198,-0.725,-0.378,C229,7.421,9.491,17.556333,-0.5515,6,8.456,-0.4315,1,M O T E L,MOTEL{SPACE},1029,229,V I L L A G E,VILLAGE{SPACE},1231,2,1,1,1338,2479
NetworksDemasking,38,1,S2,186,4,-0.042,-0.353,-0.269,-0.444,C230,8.529,6.772,17.978981,-0.3565,5.5,7.6505,-0.1975,1,C E R E M O N Y,CEREMONY{SPACE},2340,230,V O W,VOW{SPACE},1187,2,1,1,1921,2099
NetworksDemasking,38,1,S2,161,4,-0.693,-0.58,-0.386,-0.01,C231,5.852,5.858,20.184094,-0.198,4,5.855,-0.6365,6,B R I S K,BRISK{SPACE},2302,231,W A G,WAG{SPACE},1289,3,1,1,2396,1861
NetworksDemasking,38,1,S2,158,3,-0.407,-0.592,-0.372,-0.577,C232,8.565,6.919,12.283595,-0.4745,6,7.742,-0.4995,3,P L A T E S,PLATES{SPACE},1861,232,W A S H E R,WASHER{SPACE},1860,3,1,1,1819,1471
NetworksDemasking,38,1,S2,18,4,-0.327,-0.364,-0.658,-0.645,C233,9.032,9.968,15.194308,-0.6515,5.5,9.5,-0.3455,15,S N A P,SNAP{SPACE},1930,233,W E A T H E R,WEATHER{SPACE},2297,3,1,1,1883,1764
NetworksDemasking,38,1,S2,203,5,-0.004,-0.687,-0.058,-0.482,C234,5.71,6.717,15.355631,-0.27,5.5,6.2135,-0.3455,4,M A S C A R A,MASCARA{SPACE},1565,234,W E E P,WEEP{SPACE},1099,3,1,1,1917,1461
NetworksDemasking,38,1,S2,79,5,-0.609,-0.711,-0.751,-0.649,C235,9.325,10.916,21.390887,-0.7,6.5,10.1205,-0.66,6,G A R D E N,GARDEN{SPACE},1630,235,W E L C O M E,WELCOME{SPACE},1183,3,1,1,1812,1617
NetworksDemasking,38,1,S2,76,2,-0.636,-0.513,-0.327,-0.544,C236,8,7.728,11.410716,-0.4355,4.5,7.864,-0.5745,1,R E E F,REEF{SPACE},1316,236,W H A L E,WHALE{SPACE},1676,2,1,1,1754,1465
NetworksDemasking,38,1,S2,221,4,-0.81,-0.682,-0.818,-0.567,C237,11.973,12.446,17.677408,-0.6925,5.5,12.2095,-0.746,2,L E S S,LESS{SPACE},1122,237,W I T H O U T,WITHOUT{SPACE},1926,2,1,1,1669,1452
NetworksDemasking,38,1,S2,37,3,-0.72,-0.576,-0.609,-0.711,C238,8.587,8.722,16.237221,-0.66,5.5,8.6545,-0.648,3,D E A D L Y,DEADLY{SPACE},1910,238,W O U N D,WOUND{SPACE},1451,2,1,1,2388,1245
NetworksDemasking,38,1,S2,22,3,-0.498,-0.714,-0.656,-0.579,C239,10.635,8.912,13.575776,-0.6175,5,9.7735,-0.606,4,E U R O P E,EUROPE{SPACE},2129,239,Y A R D,YARD{SPACE},1689,3,1,1,1782,3667
NetworksDemasking,38,1,S2,151,2,-0.623,-0.756,-0.449,-0.656,C240,7.611,9.869,6.887525,-0.5525,4.5,8.74,-0.6895,4,I V Y,IVY{SPACE},1121,240,Y E L L O W,YELLOW{SPACE},1476,2,1,1,2367,1754
